{"model": "gpt2-small (124M)", "n_layers": 12, "d_model": 768, "examples": [{"id": "the-cat-sat", "label": "The cat sat on the", "tokens": ["The", " cat", " sat", " on", " the"], "n_layers": 12, "seq_len": 5, "norms": [[10.131999969482422, 6.058000087738037, 5.640999794006348, 5.004000186920166, 4.998000144958496], [132.8179931640625, 55.81999969482422, 59.875999450683594, 54.60200119018555, 56.35499954223633], [636.2340087890625, 58.67900085449219, 61.47600173950195, 52.479000091552734, 54.810001373291016], [2563.843017578125, 68.66000366210938, 70.15699768066406, 57.560001373291016, 59.012001037597656], [2748.18603515625, 72.95800018310547, 77.81199645996094, 63.446998596191406, 62.20899963378906], [2897.091064453125, 78.30899810791016, 85.54499816894531, 72.06099700927734, 67.35600280761719], [2990.528076171875, 85.15899658203125, 96.06700134277344, 79.81400299072266, 74.41300201416016], [3046.4599609375, 97.54299926757812, 107.40299987792969, 90.83200073242188, 84.79900360107422], [3080.14208984375, 114.3499984741211, 119.95700073242188, 100.48600006103516, 104.10199737548828], [3100.8701171875, 136.37899780273438, 144.41299438476562, 122.11599731445312, 127.81900024414062], [3111.410888671875, 167.55499267578125, 180.78500366210938, 166.06500244140625, 170.1790008544922], [3112.4140625, 244.83900451660156, 288.0060119628906, 255.95700073242188, 269.1960144042969], [78.14800262451172, 176.73899841308594, 220.427001953125, 147.56199645996094, 208.98300170898438]], "deltas": [[130.7969970703125, 54.54399871826172, 59.15800094604492, 53.90999984741211, 55.483001708984375], [526.9619750976562, 15.753000259399414, 17.365999221801758, 13.916999816894531, 12.496999740600586], [2322.9970703125, 20.006000518798828, 20.413000106811523, 15.517000198364258, 12.180000305175781], [185.32200622558594, 13.513999938964844, 17.393999099731445, 17.19499969482422, 13.076000213623047], [149.593994140625, 12.833000183105469, 18.833999633789062, 19.55900001525879, 13.680000305175781], [97.83499908447266, 14.909000396728516, 21.461999893188477, 21.89900016784668, 18.94300079345703], [59.20100021362305, 21.284000396728516, 25.756999969482422, 27.385000228881836, 22.236000061035156], [36.922000885009766, 26.871000289916992, 28.565000534057617, 27.242000579833984, 33.23699951171875], [25.27899932861328, 32.582000732421875, 39.98400115966797, 40.33000183105469, 38.180999755859375], [16.933000564575195, 43.17599868774414, 56.23500061035156, 59.59199905395508, 56.0369987487793], [21.0939998626709, 96.24099731445312, 134.62899780273438, 110.74299621582031, 123.13099670410156], [3111.093017578125, 264.1600036621094, 310.96600341796875, 268.2929992675781, 283.3840026855469]], "logit_lens_last_pos": [[{"token": " the", "logit": 7.316648960113525}, {"token": " a", "logit": 6.070488929748535}, {"token": "the", "logit": 5.397924423217773}, {"token": " it", "logit": 5.267027854919434}, {"token": " an", "logit": 5.259671688079834}], [{"token": " the", "logit": 25.080642700195312}, {"token": " \"", "logit": 24.87236785888672}, {"token": " first", "logit": 23.894193649291992}, {"token": " same", "logit": 22.60525131225586}, {"token": " a", "logit": 21.42271614074707}], [{"token": " same", "logit": 24.766281127929688}, {"token": " first", "logit": 23.416213989257812}, {"token": " last", "logit": 20.64567756652832}, {"token": " \"", "logit": 19.742229461669922}, {"token": " other", "logit": 19.460308074951172}], [{"token": " same", "logit": 28.373374938964844}, {"token": " first", "logit": 24.729442596435547}, {"token": " last", "logit": 23.291011810302734}, {"token": " other", "logit": 20.679244995117188}, {"token": " \"", "logit": 19.815046310424805}], [{"token": " same", "logit": 30.46528434753418}, {"token": " first", "logit": 26.772716522216797}, {"token": " last", "logit": 24.669370651245117}, {"token": " very", "logit": 22.861900329589844}, {"token": " most", "logit": 22.26573944091797}], [{"token": " same", "logit": 31.135089874267578}, {"token": " first", "logit": 27.238727569580078}, {"token": " very", "logit": 24.585262298583984}, {"token": " last", "logit": 24.510231018066406}, {"token": " next", "logit": 23.037174224853516}], [{"token": " same", "logit": 34.517051696777344}, {"token": " first", "logit": 28.586549758911133}, {"token": " top", "logit": 26.235166549682617}, {"token": " very", "logit": 25.57903480529785}, {"token": " other", "logit": 24.472620010375977}], [{"token": " same", "logit": 40.21563720703125}, {"token": " first", "logit": 36.0332145690918}, {"token": " top", "logit": 31.608863830566406}, {"token": " other", "logit": 29.82276725769043}, {"token": " front", "logit": 28.964576721191406}], [{"token": " same", "logit": 44.41010284423828}, {"token": " first", "logit": 41.23368835449219}, {"token": " top", "logit": 39.480003356933594}, {"token": " \"", "logit": 39.11531448364258}, {"token": " other", "logit": 37.73402404785156}], [{"token": " other", "logit": 53.06238555908203}, {"token": " top", "logit": 51.476470947265625}, {"token": " back", "logit": 50.47178649902344}, {"token": " same", "logit": 49.83464813232422}, {"token": " ground", "logit": 48.484779357910156}], [{"token": " other", "logit": 78.04900360107422}, {"token": " the", "logit": 77.05569458007812}, {"token": " back", "logit": 73.11380767822266}, {"token": " a", "logit": 69.24828338623047}, {"token": " \"", "logit": 67.14435577392578}], [{"token": " the", "logit": 139.59555053710938}, {"token": " a", "logit": 121.80278015136719}, {"token": ",", "logit": 115.37745666503906}, {"token": " in", "logit": 111.241943359375}, {"token": " and", "logit": 109.03038024902344}], [{"token": " floor", "logit": -80.65420532226562}, {"token": " bed", "logit": -80.81092834472656}, {"token": " couch", "logit": -80.99925994873047}, {"token": " ground", "logit": -81.03660583496094}, {"token": " edge", "logit": -81.12169647216797}]]}, {"id": "capital-france", "label": "The capital of France is", "tokens": ["The", " capital", " of", " France", " is"], "n_layers": 12, "seq_len": 5, "norms": [[10.131999969482422, 6.244999885559082, 5.2829999923706055, 5.533999919891357, 4.938000202178955], [132.8179931640625, 54.51300048828125, 53.54499816894531, 62.96799850463867, 56.50400161743164], [636.2340087890625, 56.04399871826172, 52.209999084472656, 65.27999877929688, 55.19900131225586], [2563.843017578125, 64.01899719238281, 55.388999938964844, 71.36499786376953, 57.909000396728516], [2748.18603515625, 69.25700378417969, 64.28500366210938, 73.93900299072266, 64.3239974975586], [2897.091064453125, 74.00599670410156, 71.2959976196289, 81.63899993896484, 72.02899932861328], [2990.528076171875, 82.38400268554688, 78.26499938964844, 91.10700225830078, 73.44200134277344], [3046.4599609375, 91.7979965209961, 88.5, 105.46700286865234, 85.37200164794922], [3080.14208984375, 110.4520034790039, 101.31400299072266, 121.0469970703125, 99.5999984741211], [3100.8701171875, 131.9239959716797, 126.56600189208984, 134.3800048828125, 127.16400146484375], [3111.410888671875, 151.63099670410156, 157.13999938964844, 147.0970001220703, 165.6060028076172], [3112.4140625, 250.7830047607422, 289.73699951171875, 234.78900146484375, 289.95001220703125], [78.14800262451172, 183.76499938964844, 182.1490020751953, 202.76199340820312, 255.35400390625]],